{
  "ADI-MSFT": {
    "z_entry": 1.9177365002426683,
    "z_exit": 0.3651433399501628,
    "log10_q": -3.931112238827029,
    "log10_r": -5.927395503276485,
    "best_sharpe": -0.39686018314835236
  },
  "INTU-MSFT": {
    "z_entry": 2.1633745402996043,
    "z_exit": 0.7879928406097398,
    "log10_q": -2.6542277989544076,
    "log10_r": -3.2405883329040686,
    "best_sharpe": -0.6395452817735787
  }
}