{
  "ADI-MSFT": {
    "log10_q": -3.709322937103619,
    "log10_r": -4.101968675871685,
    "z_entry": 2.165646391928772,
    "z_exit": 0.4983960182186233,
    "best_sharpe": 2.3844464303020856
  },
  "INTU-MSFT": {
    "log10_q": -3.0899414633261864,
    "log10_r": -2.8538994352609213,
    "z_entry": 1.6569222518155975,
    "z_exit": 0.4995913911000453,
    "best_sharpe": 2.889311114324713
  }
}