{
  "ADI-MSFT": {
    "z_entry": 2.1992216903524286,
    "z_exit": 0.5473656886696553,
    "log10_q": -1.5928578470913801,
    "log10_r": -4.711823534947246,
    "best_sharpe": 1.5655631273109702
  },
  "INTU-MSFT": {
    "z_entry": 1.5847032592657393,
    "z_exit": 0.3788365364315999,
    "log10_q": -1.4248865699415645,
    "log10_r": -3.5438284988055777,
    "best_sharpe": 1.959936722342341
  }
}