{
  "log10_q": -4.8345594773094245,
  "log10_r": -4.425897482842193,
  "z_entry": 2.5259020224849063,
  "z_exit": 0.14272724237025497
}