{
  "ADI-MSFT": {
    "z_entry": 2.198926052379725,
    "z_exit": 0.5792226125656317,
    "log10_q": -2.8958211868062143,
    "log10_r": -5.46898301034286,
    "best_sharpe": 1.5525385107702108
  },
  "INTU-MSFT": {
    "z_entry": 1.6931636028477086,
    "z_exit": 0.32802460236478753,
    "log10_q": -1.0018061209445892,
    "log10_r": -2.3960564248353546,
    "best_sharpe": 1.9719044550726403
  }
}