x,y,corr,eg_p,adf_p,half_life,beta
ADI,MSFT,0.801919282718756,0.00014457897686403503,1.9340682046571864e-05,46.26421387965718,0.6575021576660351
INTU,MSFT,0.7381058917071258,6.285189359617346e-05,7.931439036420236e-06,46.98194904966163,0.8688084272401051
