x,y,corr,eg_p,adf_p,half_life,beta
ADI,MSFT,0.7996598861491977,0.00014454155079200484,1.933476192664547e-05,46.260049339202496,0.6575099212416843
INTU,MSFT,0.7408028035945545,5.4807975526246425e-05,6.852670319089603e-06,46.68715093759322,0.8688762142181189
