x,y,corr,eg_p,adf_p,half_life,beta
ADI,MSFT,0.8014416361430973,0.00014526295113520863,1.9439617826387948e-05,46.266682493369856,0.6574982377052523
INTU,MSFT,0.7380538660245969,6.305240000787102e-05,7.958468648432763e-06,46.9881135229773,0.8688083572933559
